2026-05-11	fab9a931-db95-4781-8507-3f6b659c7a13	RAT-1	in_progress	noop
2026-05-11	9d7e2e01-9ad6-4369-b03c-ff051a2aebb6	RAT-2	done	to_todo
2026-05-11	c1b9a2c6-9b8c-4e35-9b3a-6b278fb0b69a	RAT-3	in_progress	noop
2026-05-11	b51f25b3-4645-4fc2-83c4-c996133b71f9	RAT-4	todo	noop
2026-05-11	e0d6efc8-7537-4808-85ed-e62aa89c11c2	RAT-5	blocked	to_todo
2026-05-11	432fa138-356a-40fa-9e4f-9f0f2644aa33	RAT-6	in_progress	noop
2026-05-11	222ab4b1-d6c4-4d26-8160-021e9727ec2a	RAT-7	in_progress	noop
2026-05-11	ae8211c2-d9fa-40f4-9712-6f0a3336b328	RAT-8	done	to_todo
2026-05-11	5941790d-e071-4b46-a5a0-a57ca4fcca5f	RAT-9	todo	noop
2026-05-11	241316a4-1043-48d1-bb35-cfc35dc30dc8	RAT-10	todo	noop
2026-05-11	d08fe0e2-651a-4eba-8bcd-825e8436c992	RAT-11	done	to_todo
2026-05-11	725bba12-1172-4226-bb0e-83a65bd565fa	RAT-12	todo	noop
2026-05-11	b660e666-e8ab-49b8-ba58-5fa6108af426	RAT-13	in_progress	noop
2026-05-11	f15e92f0-bfa9-4718-b4b9-c97d0bd8ffef	RAT-14	todo	noop
2026-05-11	29bab326-babe-45d6-bc26-e4d58fb2c77a	RAT-15	todo	noop
2026-05-11	8484f06f-6cb8-45ff-93e2-9c6ff8222530	RAT-16	blocked	to_todo
2026-05-11	4fcc8643-c520-4b20-9455-216791e1978a	RAT-18	done	to_todo
2026-05-11	b2694789-e4be-4ce5-9b50-acb534209fb6	RAT-19	done	to_todo
2026-05-11	1a4d74c8-dca3-413f-b5c5-f5f310b0c62e	RAT-20	todo	noop
2026-05-11	84502939-4425-4bec-ac4d-d4d4bb757e85	RAT-17	todo	noop
2026-05-11	7284e917-84ca-428c-96be-f89a1e5dd7e0	RAT-21	blocked	to_todo
2026-05-11	76bda405-7959-4caa-a762-200874fc0943	RAT-22	blocked	to_todo
2026-05-11	c9e0951d-b15b-412c-86d9-630a81be3509	RAT-23	done	to_todo
2026-05-11	167f52b7-797f-464c-9232-72b1aa0e05de	RAT-24	todo	noop
2026-05-11	977351ad-a034-43af-8105-4cfe64e9c63b	RAT-25	in_progress	noop
2026-05-11	9908d10c-728f-44be-baac-e493857d4790	RAT-26	in_progress	noop
2026-05-11	9379919e-a34d-4d8c-9480-23e19aa6d20b	RAT-27	in_progress	noop
2026-05-11	75fbdc26-de0e-4cd3-a312-c1c3a9bae54b	RAT-28	todo	noop
2026-05-11	99f41032-1024-4079-bbed-5a8620e42ed3	RAT-29	in_review	to_todo
2026-05-11	a838011b-724b-409c-bdc8-f6f0751708a2	RAT-30	todo	noop
2026-05-11	6a657f8f-673c-4cc0-92fe-9723e9f6b3eb	RAT-31	done	to_todo
2026-05-11	39ddd1de-b110-427f-b6f0-01f54eff30f3	RAT-32	blocked	to_todo
2026-05-11	cc0effa9-88be-466c-a36d-5b38e8cbe330	RAT-33	done	to_todo
2026-05-11	faba638e-ade8-4473-a58e-cd458b81c564	RAT-34	in_progress	noop
2026-05-11	7d44a4d9-b393-44b4-b215-56758d523ee6	RAT-35	todo	noop
2026-05-11	b440f183-070d-44da-bedc-0facc1c61291	RAT-36	done	to_todo
2026-05-11	97842b78-b24d-41bf-913f-ca5aab1b846e	RAT-37	todo	noop
2026-05-11	e8d0f6c7-6973-4a9f-8aba-59ce25810510	RAT-38	done	to_todo
2026-05-11	6c000c62-4303-4b64-b965-8fd7821e6e1e	RAT-39	todo	noop
2026-05-11	23bbd623-b388-43ed-b42f-e4ac4099738b	RAT-40	todo	noop
2026-05-11	a59d39e0-901a-4b9d-9e4f-8d67857d6369	RAT-41	in_progress	noop
2026-05-11	218c3f39-8402-4788-8049-7a1ab51d22f8	RAT-42	in_progress	noop
2026-05-11	d93bd7d2-5365-4337-9ba9-76f897b920d4	RAT-43	todo	noop
2026-05-11	f015d381-ad08-412e-b247-1f725f126712	RAT-44	done	to_todo
2026-05-11	23d6a52f-fe0d-4ea5-a379-dc97fa8dbf06	RAT-45	done	to_todo
2026-05-11	6d17e9e0-8dba-4666-b2a7-4b16432c3128	RAT-46	done	to_todo
2026-05-11	248d7a72-b447-44b3-8b02-c4dd1a993c59	RAT-47	done	to_todo
2026-05-11	f3bb4df8-23b8-45a3-abd6-753eb2646847	RAT-48	done	to_todo
2026-05-11	cbbb4102-27e6-4884-b92e-39a9ccab8bcd	RAT-49	in_progress	noop
2026-05-11	2fbab8ce-c3bd-40ca-ba63-e4945c7dbede	RAT-50	todo	noop
2026-05-11	f7bf95b3-4833-45ee-a793-dbe213763c81	RAT-51	done	to_todo
2026-05-11	444527f4-ad1b-49c1-85c5-a9e471684a14	RAT-52	blocked	to_todo
2026-05-11	7ac83377-667d-49c0-90ab-ddffe8c27ce9	RAT-53	done	to_todo
2026-05-11	793d2836-0184-42a2-a81a-57e30d21b4a1	RAT-54	blocked	to_todo
2026-05-11	66fd2937-0ae3-433d-b153-2f7d59548e15	RAT-55	todo	noop
2026-05-11	f696db16-5d7a-49b2-9d74-8c8a38bd7c4d	RAT-56	done	to_todo
2026-05-11	c6677f93-e71e-4693-8a16-7718417da685	RAT-57	done	to_todo
2026-05-11	e82329ef-9a6d-419e-a606-070703c21c15	RAT-58	blocked	to_todo
2026-05-11	a0b16d0a-0aea-4d19-8639-986e1b46d222	RAT-59	done	to_todo
2026-05-11	2e0647ad-aae5-4214-b6f2-bbba4e57b170	RAT-60	todo	noop
2026-05-11	58d66536-b2c6-4ada-ac0c-e64ad7f5ce50	RAT-62	done	to_todo
2026-05-11	f986fc78-cee5-4bf9-8d87-17e9a08d6398	RAT-61	in_progress	noop
2026-05-11	f74fec76-4996-479c-8ce3-888cddcc4f8b	RAT-63	todo	noop
2026-05-11	8bf9ba1d-b5c6-4e4a-baf7-e38d827fe3c3	RAT-64	done	to_todo
2026-05-11	848bc621-fb17-474c-9c01-5c29cf381aa0	RAT-65	done	to_todo
2026-05-11	019f684b-e17c-40a6-9bdc-71fed84744fe	RAT-66	todo	noop
2026-05-11	0f70066f-f176-4f25-8e61-0332a393eecb	RAT-67	in_progress	noop
2026-05-11	610d59da-6dec-4e2e-93d9-8dec306a4393	RAT-68	in_progress	noop
2026-05-11	25862459-c394-4444-8d56-087e6bfe7d33	RAT-69	in_progress	noop
2026-05-11	2a997af0-9c23-4895-8d37-939f2ab36261	RAT-70	done	to_todo
2026-05-11	0f50e528-3ed1-42a2-be43-b295a98f9a84	RAT-71	done	to_todo
2026-05-11	aca73b81-5f10-4abd-a98b-a0fc542d2846	RAT-72	done	to_todo
2026-05-11	8f99e2c9-5582-4ec2-887f-5bf616b56645	RAT-73	in_progress	noop
2026-05-11	b41e1612-6e59-4a4e-9afd-54c33677c730	RAT-74	done	failed_500
2026-05-11	a84cc913-f32c-484d-952b-094114764e9b	RAT-75	in_progress	noop
2026-05-11	624043ba-d748-48f9-8aef-752a0c3ca549	RAT-76	in_progress	noop
2026-05-11	3aa864d8-7329-463c-925c-62aef509b8e0	RAT-77	done	to_todo
2026-05-11	a594f780-d8eb-46ad-b5be-b016376bcd88	RAT-78	in_progress	noop
2026-05-11	974bc1e6-41ef-40d6-bbe3-8ea7070527dc	RAT-79	done	to_todo
2026-05-11	0bd806cd-f2fc-4dad-bc9e-29d9371af457	RAT-80	done	to_todo
2026-05-11	052b7e78-c7ef-49f1-9a69-9598739b9c72	RAT-81	todo	noop
2026-05-11	d82b89e2-d0e5-49e0-8660-1a99249b11bb	RAT-82	todo	noop
2026-05-11	b91608a7-7ddb-4314-abfa-0ad7b574ddca	RAT-83	in_progress	noop
2026-05-11	99b5feda-8cf6-4cc7-b0b3-3f5c3490fc35	RAT-84	todo	noop
2026-05-11	294a05cf-7d03-4f97-a964-e179dcff40c7	RAT-85	done	to_todo
2026-05-11	a2d9c726-8c36-454c-a31c-6c9d1cdeafb9	RAT-86	done	to_todo
2026-05-11	092741dc-2de7-454e-aa3e-9ef1cd5b6e38	RAT-87	done	to_todo
2026-05-11	f9e435e4-55e7-4431-bfdd-9bf3bb5b8a05	RAT-88	done	to_todo
2026-05-11	6914440d-443c-4980-9850-e202a04fdfa9	RAT-89	done	to_todo
2026-05-11	08f28c35-39cf-4b0b-ba00-97dd3e1fcf23	RAT-90	done	to_todo
2026-05-11	82f0d9d6-fed5-41f0-b065-9ac0a8f08059	RAT-91	done	to_todo
2026-05-11	9845f998-08cb-4cc8-aec7-99f8a0e4fc18	RAT-92	done	to_todo
2026-05-11	61b58543-efd1-4334-ad19-7b5293bf3e39	RAT-93	done	to_todo
2026-05-11	36cad98e-aef1-4914-9909-a6426d29e81d	RAT-94	done	failed_500
2026-05-11	3ce0fd68-26b4-4167-85e4-ceb54afcbba7	RAT-95	done	to_todo
2026-05-11	4dd91209-9f1b-43f9-b8b3-9ea04598d176	RAT-96	done	failed_500
2026-05-11	691e669c-d918-46b0-8efc-9e845ed88496	RAT-97	done	to_todo
2026-05-11	a26cb94b-093e-41f8-ba54-af45d49a4428	RAT-98	done	failed_500
2026-05-11	e66d651b-ded3-4f1e-879e-eb0c78310fb0	RAT-99	done	to_todo
2026-05-11	3fc186e0-bf04-4f35-9bfb-446a1202ac48	RAT-100	done	to_todo
2026-05-11	609e7053-d61a-4437-8b83-0676b8d1e90c	RAT-101	in_progress	noop
2026-05-11	6c1cacb7-9b4e-46b6-8dc9-95f2b4cbdcc5	RAT-102	done	to_todo
2026-05-11	80994a05-86ef-473f-9ee1-87f2efe169f9	RAT-103	done	to_todo
2026-05-11	994e58ad-1557-4139-baa0-4fc44983e001	RAT-104	done	failed_500
2026-05-11	e8cc6ec3-e58c-4901-bb94-9bbad0b77b8a	RAT-105	in_progress	noop
2026-05-11	dfd12cdb-8514-40e5-8510-0a9cff777769	RAT-106	done	to_todo
2026-05-11	c61b7803-1654-470b-aab1-84f91725d531	RAT-107	done	failed_500
2026-05-11	20c44e04-4f97-48c6-8e05-6e4258a375bc	RAT-108	done	to_todo
2026-05-11	818db387-3ce6-4b41-acd4-b86877dd8b4d	RAT-109	done	to_todo
2026-05-11	f6356e36-c303-42e3-9722-cd955781a360	RAT-110	done	to_todo
2026-05-11	4f9bc61a-80ee-4b10-9556-3d294909c91f	RAT-111	done	to_todo
2026-05-11	a1d52ed6-bf02-467f-92fc-484143d6feeb	RAT-112	blocked	to_todo
2026-05-11	6cc75210-ec52-4293-a257-dac14334fd8c	RAT-113	done	to_todo
2026-05-11	df507e14-c8f5-4b43-811f-a98618b19d8b	RAT-114	done	to_todo
2026-05-11	7cc719f1-64d3-43b2-90d2-c451461c65fb	RAT-115	todo	noop
2026-05-11	adec980e-7402-4ff7-9172-a20bda94c55d	RAT-116	done	failed_500
2026-05-11	a27a6feb-57d8-4c6d-9f17-ad41b8a0dcff	RAT-117	done	failed_500
2026-05-11	db5607dd-8864-45c4-8d88-8d0c3e0678a7	RAT-118	todo	noop
2026-05-11	44abbde4-1479-4f0b-808a-49893e269e30	RAT-119	done	to_todo
2026-05-11	84d34b5c-ceb6-4a06-b566-75104961bb5d	RAT-120	done	failed_500
2026-05-11	02d422c1-15cc-47a5-b471-25db6265ee7e	RAT-121	blocked	to_todo
2026-05-11	63b5d189-2e52-4093-8293-46be91935548	RAT-122	todo	noop
2026-05-11	47abe6db-3a12-4ca0-9f2c-deecd2960dba	RAT-123	todo	noop
2026-05-11	90a8cece-5f1e-4812-b491-896b8ded4c5e	RAT-125	in_progress	noop
2026-05-11	44bd5215-85fc-4021-9509-1e1eb377995b	RAT-124	done	to_todo
2026-05-11	f2719479-25a5-4861-b3ef-9ed01f06345d	RAT-126	in_progress	noop
2026-05-11	fd73d7f8-c6ad-4049-9dff-938563061723	RAT-127	in_progress	noop
2026-05-11	058fdd72-a14c-465f-b843-ebba070e9b46	RAT-128	todo	noop
2026-05-11	5c777022-4ac2-4b45-85d9-a864f7e9ebdf	RAT-129	done	to_todo
2026-05-11	83bd8b01-9fcd-4ac5-9407-d9e8a4ce6f23	RAT-130	todo	noop
2026-05-11	79bea4a0-8e79-44e0-ad1e-a9679dccfb69	RAT-131	in_progress	noop
2026-05-11	77d44e70-1f31-4b13-9f1c-41c641f4b83a	RAT-132	blocked	to_todo
2026-05-11	388a24f8-4a23-456f-9e2b-46b624cb2030	RAT-133	blocked	to_todo
2026-05-11	02667eec-ec39-46eb-93a0-e29ffbbb4eaf	RAT-134	blocked	to_todo
2026-05-11	973212f7-4afb-4b07-8d43-1a0ed62c5344	RAT-135	done	to_todo
2026-05-11	2c4e0584-4b8a-4ba7-b97f-0109fc4a8aea	RAT-136	blocked	to_todo
2026-05-11	d478ff9a-5a1c-4eb3-bc43-f3801becf3d0	RAT-137	blocked	to_todo
2026-05-11	78363201-baa3-4e75-9877-b8688bd79021	RAT-138	in_progress	noop
2026-05-11	d1019d31-de81-40dd-b05f-969e11f099f2	RAT-139	done	to_todo
2026-05-11	c3c9b147-eb2b-4a8a-885a-8ecb1f41b8c2	RAT-140	done	to_todo
2026-05-11	8b42c212-fb73-47eb-a87c-ca888a485482	RAT-141	done	to_todo
2026-05-11	92b6fb01-472b-4b78-b9d8-e7d89726b189	RAT-142	todo	noop
2026-05-11	37edd8a1-44f1-418e-a3bd-97574408db6b	RAT-143	todo	noop
2026-05-11	5523204a-c165-4e4a-82ec-ee78fd001a43	RAT-144	done	to_todo
2026-05-11	64ae4bf2-669e-40dc-b5ef-d7379d267a2f	RAT-145	done	failed_500
2026-05-11	44f60a2d-396e-4cd6-bd18-d3469d48bb37	RAT-146	done	failed_500
2026-05-11	a6f0688f-c3a9-45a9-bd6b-fc12e351c495	RAT-147	done	failed_500
2026-05-11	dfe75317-5bcb-43d4-8a6e-821f026eeb94	RAT-148	done	failed_500
2026-05-11	44d751d0-7b1b-4803-b5ce-ee90093ff9b1	RAT-149	in_progress	noop
2026-05-11	a5b05ebb-2a23-488d-8ddd-43d4719685cb	RAT-150	in_progress	noop
2026-05-11	bc256e28-2d78-40b0-ac76-c67bed75035c	RAT-151	done	to_todo
2026-05-11	e28b0c69-1d95-4e65-9039-a4ae60f87423	RAT-152	done	failed_500
2026-05-11	4156089a-82b8-4ab7-9655-2347280a3186	RAT-153	done	failed_500
2026-05-11	e8072bbc-e502-4051-a7a1-8159c560b663	RAT-154	todo	noop
2026-05-11	fe6d51f3-ca33-4c45-9205-4d877ecd50e5	RAT-155	done	failed_500
2026-05-11	dc0fe3d2-36fb-4292-bf89-16c0e2370c3a	RAT-156	todo	noop
2026-05-11	f9675cbd-c358-42a6-81e0-9063aff5b909	RAT-157	blocked	to_todo
2026-05-11	0369520e-48b8-4431-92c9-c0f91864d0e8	RAT-158	done	to_todo
2026-05-11	a802c559-bd85-40a5-93b6-437b880bddf2	RAT-159	done	failed_500
2026-05-11	2787e7e1-952a-431e-86f3-001296bca8e5	RAT-160	done	failed_500
2026-05-11	997cc281-dc27-4a85-81ae-ea95ffe4ffaa	RAT-161	done	failed_500
2026-05-11	ee04183c-b43e-41b8-9e89-30da41b7ca05	RAT-162	done	failed_500
2026-05-11	f8bade20-9a91-472e-87b7-7c5445646da4	RAT-163	done	failed_500
2026-05-11	7c2b8875-e1ad-41d9-afa7-7483e6f81b9e	RAT-164	done	failed_500
2026-05-11	d984610c-1388-431c-84aa-0bc5e1ec27b3	RAT-165	done	failed_500
2026-05-11	996922d7-9f02-4552-97f9-31cfd1261b4a	RAT-166	done	failed_500
2026-05-11	65bfbfc3-0b55-42c3-8a80-a6e83749a258	RAT-167	done	failed_500
2026-05-11	c554985c-d6fd-46b6-8b17-29a3f20625f6	RAT-168	done	failed_500
2026-05-11	7b34b417-9ff8-4778-9306-bd5981bec3f8	RAT-169	done	failed_500
2026-05-11	2f040fd7-77f1-4291-9604-d0babea2e374	RAT-170	done	failed_500
2026-05-11	7640c335-82a5-486f-b151-fd533b870674	RAT-171	done	failed_500
2026-05-11	429a25ce-6e13-4df6-82e4-4b6409b86c7b	RAT-172	done	failed_500
2026-05-11	7b82cd62-b047-4f59-bbf5-d13e4209494f	RAT-173	done	failed_500
2026-05-11	2aeb52d4-3a88-4c0f-b9ff-3a8a6b14c6cf	RAT-174	done	to_todo
2026-05-11	2adae782-02ca-44e6-b9ad-d7ee069cf7de	RAT-175	in_progress	noop
2026-05-11	2dc58a2b-0230-40b7-ba82-9a177b7d0e71	RAT-176	done	failed_500
2026-05-11	b5de7633-1c1e-48f9-ad2b-59949b77da5c	RAT-177	done	to_todo
2026-05-11	fe70e3d0-ee26-4bbc-b7b0-90451eb76b13	RAT-178	done	to_todo
2026-05-11	5637c320-02d6-4e12-8f7b-7021a6626a58	RAT-179	done	to_todo
2026-05-11	64a7a76a-6aef-4c5e-9c2e-c23d104588b9	RAT-180	done	to_todo
2026-05-11	6e5ae13a-66e6-4312-af22-b0fd0a9957b5	RAT-181	in_progress	noop
2026-05-11	b5fa529b-57cb-483b-8af0-92363c622d9b	RAT-182	in_progress	noop
2026-05-11	54782383-3725-4264-8137-846dc350c82d	RAT-183	done	failed_500
2026-05-11	9df89ff7-3ec1-4cf4-9549-a97c8a59cdfa	RAT-184	done	to_todo
2026-05-11	e1d41dd3-c576-4421-9316-45aa873bd8e8	RAT-185	done	failed_500
2026-05-11	ce3922f5-a6ee-4121-a0af-7a9cd840f0cd	RAT-186	in_progress	noop
2026-05-11	eb95beb4-4ffd-4dfc-bfa4-4df6efa881fe	RAT-187	done	to_todo
2026-05-11	b8d3381b-5461-407f-9db6-e2407a578646	RAT-188	done	to_todo
2026-05-11	b53686b5-a0f7-4f69-aa40-fdfbcf4f48ca	RAT-189	done	to_todo
2026-05-11	3bab1359-a245-4730-b206-2821dd2cb0d7	RAT-190	in_progress	noop
2026-05-11	50b0076f-4c98-4647-856a-458dcbe3db92	RAT-191	blocked	to_todo
2026-05-11	92fd8b83-7ce7-4fe2-b95d-9aff8aa569a0	RAT-192	in_progress	noop
2026-05-11	c43a193b-1cd0-4c73-8351-1b40a06b10b3	RAT-193	done	failed_500
2026-05-11	25a83225-ef2f-4b4e-9e55-7e14547d0e1f	RAT-194	in_progress	noop
2026-05-11	c1b2e994-53b3-43b3-bcf2-e47bb8d068c6	RAT-195	done	to_todo
2026-05-11	2ebafa7d-16d5-403d-acd6-3da419783dc8	RAT-196	done	failed_500
2026-05-11	edddf7c2-1cad-45ad-9e26-992c4de4d386	RAT-197	done	failed_500
2026-05-11	f9b0ff6f-59bc-4e9d-88a8-9e59e95a6a97	RAT-198	done	failed_500
2026-05-11	6289a93f-d3c5-4420-8700-801113634a58	RAT-199	done	to_todo
2026-05-11	873067aa-9a37-4ddd-90af-d9df27ca37a7	RAT-200	todo	noop
2026-05-11	1d06fe73-f45f-407c-a1d2-1744e3ed218e	RAT-201	done	to_todo
2026-05-11	ccec8104-761d-405b-bd6f-316aec75a52d	RAT-202	todo	noop
2026-05-11	2eadf8a1-dc16-42c0-a13f-8cfaacb19bff	RAT-203	done	failed_500
2026-05-11	b24944d4-daf0-48ea-9221-19e648cda87c	RAT-204	done	failed_500
2026-05-11	e0531337-8b6f-42b3-bf3d-ee9452459dcb	RAT-205	done	to_todo
2026-05-11	42200525-ab01-42c6-a470-2c96bc6d5fa7	RAT-206	todo	noop
2026-05-11	6767c139-9004-407c-85c2-0cbe7b8c3824	RAT-207	todo	noop
2026-05-11	4dea8207-5ceb-49f9-ae0c-ef9345d3cfec	RAT-208	done	to_todo
2026-05-11	04db9b1a-ea27-4460-9c78-8bf389f0d501	RAT-209	done	to_todo
2026-05-11	023e1a41-7e69-4674-93ff-7e962aef2d5c	RAT-210	done	failed_500
2026-05-11	2454763b-2d3c-4a9e-a6e6-6ecc3bb48590	RAT-211	done	failed_500
2026-05-11	31bc18ab-1298-4dde-92ab-384d1e3e9c9e	RAT-212	done	failed_500
2026-05-11	2c50faa7-08a8-4b1a-962c-252113f67e47	RAT-213	done	failed_500
2026-05-11	ad7da5b7-7151-44a7-a6a0-3c890f4c69b4	RAT-214	todo	noop
2026-05-11	9c8695e3-ca7f-4193-aa1d-d5a46c329448	RAT-215	done	failed_500
2026-05-11	6901ff00-bf13-4bd5-93a8-17c306e1d134	RAT-216	done	failed_500
2026-05-11	5440269b-c354-4648-977b-0358f04cc57b	RAT-217	done	failed_500
2026-05-11	089e1065-82ab-46f4-87f2-913632c9c980	RAT-218	in_progress	noop
2026-05-11	eaa7275d-496c-4662-84e2-3a0b48988d1c	RAT-219	done	failed_500
2026-05-11	3dc4ad38-eca4-45a6-997d-9fdbb097401b	RAT-220	done	failed_500
2026-05-11	77529f70-97af-4cd0-870a-4241f4939a76	RAT-221	done	failed_500
2026-05-11	e5e8977e-028b-4ea4-aa60-ae7d1de518d2	RAT-222	done	failed_500
2026-05-11	18f2c320-06b7-4d4f-9cce-e4c704fb5a25	RAT-223	done	failed_500
2026-05-11	84cb033d-b3f4-47ef-8dc4-25f7ea8bc3ce	RAT-224	done	failed_500
2026-05-11	b00b989d-a1ee-40c6-b5be-7bbce9110f12	RAT-225	done	failed_500
2026-05-11	3b652cf5-87b2-473c-99f2-80a28279673f	RAT-226	done	failed_500
2026-05-11	4b98c92d-7f89-472a-bd52-bb448841652f	RAT-227	in_progress	noop
2026-05-11	10fdef65-5939-419b-ae28-e46a8f8a5102	RAT-228	done	failed_500
2026-05-11	80bdc338-5329-4fe8-abd3-89d0b0645c50	RAT-229	backlog	noop
2026-05-11	2037456b-41f5-4dff-9d5d-f0a0d76c6bd7	RAT-230	done	to_todo
2026-05-11	00abda84-1c0e-4600-90c0-850efdde2c1e	RAT-231	blocked	to_todo
2026-05-11	ef820ae6-5eed-4408-af54-21c65eb7b24e	RAT-232	in_progress	noop
2026-05-11	5a77db95-6401-4d6c-9d47-5b4df11650b6	RAT-233	done	to_todo
2026-05-11	87d0e7ad-006b-4559-854e-4cb3d5c41ca7	RAT-234	done	to_todo
2026-05-11	d27b9d91-b792-4164-873c-baba64088a42	RAT-235	blocked	to_todo
2026-05-11	c507dad7-45c1-45ad-bca1-8eb805eac91d	RAT-236	done	to_todo
2026-05-11	5a71b7d3-e7de-4658-a369-e8ae70318df2	RAT-237	done	failed_500
2026-05-11	f4d43c0f-f9ff-4459-9e67-f8077a9ac286	RAT-238	done	failed_500
2026-05-11	c577f301-c356-4ce2-9667-63f29d75e0be	RAT-239	done	failed_500
2026-05-11	2a248491-70c6-46b8-a7f2-edaa9f01847d	RAT-240	done	failed_500
2026-05-11	70ae7bc1-a356-4aed-a6fd-54486ffbbf97	RAT-241	done	failed_500
2026-05-11	2d615b81-adc2-49de-b3b3-cbfdec2226ac	RAT-242	done	failed_500
2026-05-11	88c1e2ce-d6b7-4b41-8e54-3328aab02a0a	RAT-243	done	failed_500
2026-05-11	c9995e71-3882-4c8f-b117-7fef0bbe9b0d	RAT-244	done	to_todo
2026-05-11	7e3e6243-a2a9-4fe1-b9e2-254c611f6c26	RAT-245	done	failed_500
2026-05-11	7c42ac36-00bc-48a3-9930-81890b0f039c	RAT-246	todo	noop
2026-05-11	f6770b84-0b95-4fec-b692-ef8c77aefd26	RAT-247	done	failed_500
2026-05-11	35442d7c-cdff-41b8-a84b-97f09f1da56e	RAT-248	done	to_todo
2026-05-11	eb980b37-e6b7-4306-ba2c-23edb4c09be6	RAT-249	done	failed_500
2026-05-11	cbca20c1-ebc8-4c10-b572-9b8459f52ef5	RAT-250	done	failed_500
2026-05-11	250975cd-1876-4ad7-88aa-a85143196a84	RAT-251	done	failed_500
2026-05-11	55437bef-0ff6-49b8-9da7-42fdaf90ffb8	RAT-252	done	failed_500
2026-05-11	a5271e5c-b6c4-4c75-bc6b-2e9dc2e213e7	RAT-253	done	failed_500
2026-05-11	e8c5e589-b92e-41c0-9fe3-59c5dfafcff4	RAT-254	done	failed_500
2026-05-11	e4b03f36-c7d7-40c4-a81e-a184efabe7b4	RAT-255	done	failed_500
2026-05-11	2ded8729-429f-4553-a787-8d4f22d76b5c	RAT-256	done	failed_500
2026-05-11	2a406799-67bb-4d65-84a5-851803c3fa63	RAT-257	done	failed_500
2026-05-11	cdab3576-7d84-4364-afb5-165ea9bd4a5d	RAT-258	done	failed_500
2026-05-11	d19e0806-c5ac-4c7b-941d-d4923a954d92	RAT-259	done	failed_500
2026-05-11	e1e3fabb-b1c1-4a3b-9882-cc6b3ee4d3f1	RAT-260	done	failed_500
2026-05-11	87a20855-2e12-42a5-9de2-20004a19beef	RAT-261	done	failed_500
2026-05-11	ad9920a1-90e5-46d4-b21c-71815942c01a	RAT-262	done	failed_500
2026-05-11	8bf67175-3117-4c11-bcfa-f4c688f9493b	RAT-263	done	failed_500
2026-05-11	bb1a1157-4cfc-4773-bec7-0b03ba93b0ce	RAT-264	done	failed_500
2026-05-11	c6d0f5f3-1412-4815-a32c-75cb7287e5c2	RAT-265	done	failed_500
2026-05-11	70a481cd-f46f-485a-8cc1-f09f685d36e6	RAT-266	done	to_todo
2026-05-11	e73a9abb-a669-49c8-abbf-890205f602c6	RAT-267	done	failed_500
2026-05-11	2160a2fc-d9bd-4375-a30d-ba8e076fca22	RAT-268	done	failed_500
2026-05-11	bcc9af07-0db5-4399-b0aa-1b3911819549	RAT-269	done	failed_500
2026-05-11	b37dae02-ef17-4e83-997f-4e7cca374218	RAT-270	done	failed_500
2026-05-11	7efd5fc1-6044-4103-b85f-e44f6a779f02	RAT-271	done	failed_500
2026-05-11	8403cfcd-455b-419b-8394-52705c7320e8	RAT-272	done	failed_500
2026-05-11	5dfe99bb-08d9-4868-a6fd-ec0260f44f12	RAT-273	done	failed_500
2026-05-11	553c634c-21bf-4abc-829c-f4833dcef879	RAT-274	done	failed_500
2026-05-11	02791a05-5e74-4f69-a6f2-64c9057e12b3	RAT-275	done	failed_500
2026-05-11	3b68b753-898f-4506-b3b6-53c35bc4212d	RAT-276	done	failed_500
2026-05-11	ef344a25-05d7-45fc-8a62-e999d5ddbb48	RAT-277	done	failed_500
2026-05-11	4527223a-cb5c-42cf-a704-a71fa39b4a58	RAT-278	done	failed_500
2026-05-11	9d6064b9-a527-425e-8538-90db35b8aa77	RAT-279	done	failed_500
2026-05-11	ecfbe0f8-7e67-49e7-a18e-8ec4a43f58c3	RAT-280	done	failed_500
2026-05-11	8cdc9de3-f4ec-4397-beb2-d34ced74169d	RAT-281	done	failed_500
2026-05-11	f66bf5a5-e886-4411-b320-ec6359deb4da	RAT-282	done	failed_500
2026-05-11	1425dc93-354a-42db-9900-679b9d56d0b7	RAT-283	done	failed_500
2026-05-11	e116125f-3ed5-41ef-8aa0-3fda21e38825	RAT-284	done	failed_500
2026-05-11	868a1ed8-0c82-43d8-80ac-724be30ef8ee	RAT-285	done	to_todo
2026-05-11	64b1d6df-5dd9-4f34-8d57-2e3545eb5275	RAT-286	done	to_todo
2026-05-11	8f2f8d05-d970-4dc1-8daf-36a382ac69b9	RAT-287	done	failed_500
2026-05-11	b4dabace-4cd8-4917-b01e-1960f3a6e4c1	RAT-288	done	failed_500
2026-05-11	5192ec90-b2a1-4d84-90a1-7f2ee4a1e5a6	RAT-289	todo	noop
2026-05-11	3b59b47e-6d5a-4338-9d87-a3554bb3624a	RAT-290	todo	noop
2026-05-11	b5afe099-9dbe-4b41-9662-00814d759422	RAT-291	todo	noop
2026-05-11	1fbf18ad-5bc6-4013-b8ea-001eff140510	RAT-292	todo	noop
2026-05-11	e9f426a6-e757-4594-bbf4-bb28d629bb1d	RAT-293	in_progress	noop
2026-05-11	e6b2f012-ef12-4cd5-a8b8-19528af4dc2a	RAT-294	todo	noop
2026-05-11	8bd51b33-1585-4d3b-a440-f80ce60c31c9	RAT-295	done	to_todo
2026-05-11	8e53ca19-8828-495a-8359-0931cba7bf15	RAT-296	done	to_todo
2026-05-11	5bb82859-3ca0-4873-a4c0-1950c96a89a7	RAT-297	done	failed_500
2026-05-11	ed8ade45-5e8a-4755-9a1c-26b03f156268	RAT-298	blocked	to_todo
2026-05-11	844fe570-cd9e-4970-b2b6-2ea725b67626	RAT-299	in_progress	noop
2026-05-11	c827fbd1-8d1e-4e28-9b53-c291d7b37d3d	RAT-300	done	to_todo
2026-05-11	67a2e831-9180-4b51-ba26-b466ff760b99	RAT-301	done	to_todo
2026-05-11	5bc00c5b-c6f2-4824-ae1a-d68f0c9c4f92	RAT-302	todo	noop
2026-05-11	9c5c2685-aac8-4f59-b04c-15803d2145cb	RAT-303	todo	noop
2026-05-11	0a50d909-cebe-4248-81a2-99f73bc758cb	RAT-304	done	to_todo
2026-05-11	5ba137d9-bede-4084-9365-95d5956d84a0	RAT-305	in_progress	noop
2026-05-11	371b48c7-7055-43ab-bc7c-c9a8af4341b4	RAT-306	in_progress	noop
2026-05-11	bb00f1af-75d7-4f40-a35c-4e2126df8f63	RAT-307	in_progress	noop
2026-05-11	b2bc9ecb-19b0-41de-9441-fc66a80c3067	RAT-308	in_progress	noop
2026-05-11	61a62c85-1181-42d6-8824-e3816e96c44c	RAT-309	in_progress	noop
2026-05-11	30512a4c-aced-4a22-9249-0a11b0904e11	RAT-310	in_progress	noop
2026-05-11	35a8875f-cb07-4f38-b2f3-dff9b85ae47b	RAT-311	in_progress	noop
2026-05-11	27a109c6-11ed-495f-9a33-b278522da5e2	RAT-312	in_progress	noop
2026-05-11	ea2422bd-00f0-4653-b0f8-30691e0ec0ca	RAT-313	in_progress	noop
2026-05-11	0bdedd4c-80c7-4071-9acf-b6e33829bd5a	RAT-314	done	to_todo
2026-05-11	dcaaa93f-c1da-4e4b-a391-0e51324f5bf9	RAT-315	done	to_todo
2026-05-11	65af0cff-b4a1-4cd5-95b2-53322d63680b	RAT-316	todo	noop
2026-05-11	b170e29c-4a24-41ba-93fc-82c81061fd74	RAT-317	todo	noop
2026-05-11	75ff6be4-2497-429a-8fff-08d809545b43	RAT-318	in_progress	noop
2026-05-11	9edd37c1-a92b-4832-bd8d-7ca7929eca6f	RAT-320	todo	noop
2026-05-11	58560670-f1e1-4810-a87b-33105e1fffd2	RAT-319	todo	noop
2026-05-11	1a467804-82d5-425a-bc0c-1de7bfd9f2b6	RAT-321	in_progress	noop
2026-05-11	ab5f0214-e28d-4000-939d-57bdee0fdf69	RAT-322	in_progress	noop
2026-05-11	8123e859-b6ea-4a97-b114-c94ab3123925	RAT-323	in_progress	noop
2026-05-11	8ce01797-e1de-4818-830d-752266171b99	RAT-324	in_progress	noop
2026-05-11	bc83d88a-d15e-48d6-8a1f-ae844c8fc668	RAT-325	in_progress	noop
2026-05-11	6062d3ef-3065-46f3-8478-db36ce4ead96	RAT-326	todo	noop
2026-05-11	80237a4f-2f5c-4b58-a335-f472e54cb76b	RAT-327	in_progress	noop
2026-05-11	6385cc1b-d259-440d-afac-f1ef795aca9e	RAT-328	in_progress	noop
2026-05-11	0c9a4998-70df-44f3-b02b-72dacae63248	RAT-329	in_progress	noop
2026-05-11	25e21992-c830-4acf-b73a-cafda327e384	RAT-330	done	to_todo
2026-05-11	a05945f8-d269-48b2-8502-ec53793ab7e8	RAT-331	done	to_todo
2026-05-11	879f5e08-6452-49b4-9aaa-b9b5d4de0fac	RAT-332	done	failed_500
2026-05-11	b4b1c964-0275-4396-aebf-787c128ca474	RAT-333	done	failed_500
2026-05-11	c5b58206-3a9f-4a1b-8948-568fd09c0de7	RAT-334	in_progress	noop
2026-05-11	7d733f79-96bc-4115-a2ea-d02d801c3296	RAT-335	done	to_todo
2026-05-11	424fac14-b44e-4f2c-9662-40d966ee878d	RAT-336	done	failed_500
2026-05-11	7e809db8-f786-497d-b4be-b2362e4ddb21	RAT-337	in_progress	noop
2026-05-11	06b6c719-0845-4edb-bd70-8584a31bcee3	RAT-338	in_progress	noop
2026-05-11	805a2250-6cca-4735-a569-78a5eb2ef00f	RAT-339	in_progress	noop
2026-05-11	3654d308-99e0-41fd-8301-867181e2b786	RAT-340	done	failed_500
2026-05-11	3e828d36-5623-4454-b4ee-ec8ea74efbda	RAT-341	in_progress	noop
2026-05-11	501397c6-6f2a-4957-b67f-9873a61bea93	RAT-342	done	to_todo
2026-05-11	0014d42e-06fd-4ddf-b4e1-b5936c871828	RAT-343	blocked	to_todo
2026-05-11	d9460183-4cf0-4456-9f17-1a8a1c011d4f	RAT-344	done	to_todo
2026-05-11	c67a76df-ff40-429e-ae41-73dc92e9dcdd	RAT-345	in_progress	noop
2026-05-11	e178ec4f-1c0e-43dc-a563-d52e7fc89b97	RAT-346	in_progress	noop
2026-05-11	80144fd2-db53-42a3-84d3-76d7dcd24972	RAT-347	in_progress	noop
2026-05-11	3a338e01-9d8f-4969-ac70-58fc0a7a6896	RAT-348	in_progress	noop
2026-05-11	fe9854cd-6d68-406d-a47c-e210d33ea198	RAT-349	in_progress	noop
2026-05-11	04063d07-5b07-4271-9cb0-fc4d118c3c7c	RAT-350	in_progress	noop
2026-05-11	e8b602a6-5b54-4491-865c-c33e152369ea	RAT-351	in_progress	noop
2026-05-11	5e756ee7-c11e-49bc-b935-1325957f3c23	RAT-352	todo	noop
2026-05-11	be03381b-9d89-431d-b950-bc074a4132fb	RAT-353	blocked	to_todo
2026-05-11	130fbe28-bea6-42f8-86c9-741df4c25fea	RAT-354	in_progress	noop
2026-05-11	3499d566-3c8c-4c42-b1dd-7ccb87708d3b	RAT-355	blocked	to_todo
2026-05-11	caae300e-ab7b-4805-a473-9fe8efd00edf	RAT-356	todo	noop
2026-05-11	b1c206e2-dfeb-43f2-918c-e877434a4e87	RAT-357	blocked	to_todo
2026-05-11	6434a1a4-69fb-4198-bb33-fac5c021e538	RAT-358	done	to_todo
2026-05-11	5747b73a-a8cb-4b4c-b177-72c4f4f82160	RAT-359	done	to_todo
2026-05-11	a323c37f-452c-425f-aad5-032929af5e08	RAT-360	in_progress	noop
2026-05-11	bb5836f8-0ade-4203-9ede-78b3a143ee7c	RAT-361	done	to_todo
2026-05-11	f9629118-4dbf-48eb-a4bf-8375a894df8b	RAT-362	in_progress	noop
2026-05-11	aed948d3-1bf7-4324-a07c-82b1c1510ae2	RAT-363	in_progress	noop
2026-05-11	0122ba5e-17e3-4d87-9fc6-720b3d5d269c	RAT-364	blocked	to_todo
2026-05-11	39d34af2-ffec-40f9-8648-4fac8e31d465	RAT-365	in_progress	noop
2026-05-11	24f8c5c7-93a1-43d0-be36-f8487199f800	RAT-366	blocked	to_todo
2026-05-11	ba61a630-7ac0-44c6-9cef-26711336a3e7	RAT-367	blocked	to_todo
2026-05-11	92f6d066-436b-4070-8817-64170fbda2ac	RAT-368	in_progress	noop
2026-05-11	cd15bbd0-28f2-4b98-8b2e-eee83e1e0c8b	RAT-369	blocked	to_todo
2026-05-11	6498af44-12a3-44ec-8ca8-bafcc123607f	RAT-370	done	to_todo
2026-05-11	579bb8f5-8f22-4315-b48e-5734613a7630	RAT-371	in_progress	noop
2026-05-11	0962e473-67bf-476b-9eea-7a01508c3505	RAT-372	in_progress	noop
2026-05-11	a11b230d-a531-4bbb-a241-e481d8ceaa77	RAT-373	todo	noop
2026-05-11	f114f2eb-2a81-4f0a-9f86-abd0ac031fbd	RAT-374	in_progress	noop
2026-05-11	a888f1af-fb53-4762-86ce-fef51a10362e	RAT-375	done	to_todo
2026-05-11	f52bad91-1636-4461-9fdf-c9ea273cec43	RAT-376	in_progress	noop
2026-05-11	7d2eb575-c5d6-4f78-89c6-2ac448190fb5	RAT-377	in_progress	noop
2026-05-11	efc67a3f-1a10-464f-a582-f5da822da6b5	RAT-378	backlog	noop
2026-05-11	6834106f-83b7-4c45-b8e5-7748b565dc97	RAT-379	done	to_todo
2026-05-11	4bc1cd30-7ce7-4e65-b93d-f941a1e7ab66	RAT-380	backlog	noop
2026-05-11	ebab5577-f7be-4a41-91b9-94fde02f3637	RAT-381	backlog	noop
2026-05-11	da5c4362-872a-43c4-bf46-cf1f7735f7a4	RAT-382	in_progress	noop
2026-05-11	414f996b-f30d-43c1-b66c-ae7cfdefcefb	RAT-383	done	to_todo
2026-05-11	8411d963-e542-4f13-ab50-6de7967fc48e	RAT-384	todo	noop
2026-05-11	662040c5-3c13-443e-bb6c-dc408f339f6f	RAT-385	done	failed_500
2026-05-11	9760855c-6c28-4bfa-b53c-d81b38713b02	RAT-386	done	to_todo
2026-05-11	749735f3-f641-4466-87d3-46ad4f47f4c9	RAT-387	blocked	to_todo
2026-05-11	73142872-80b9-4159-84c2-f5b5d76d4112	RAT-388	in_progress	noop
2026-05-11	ec871e25-71de-4433-bc4f-85a71141534a	RAT-389	in_progress	noop
2026-05-11	6af002eb-f67e-42bb-a2e0-c0ded23755b7	RAT-390	in_progress	noop
2026-05-11	87493e5f-cf69-411a-8567-5fbdb56265ef	RAT-391	backlog	noop
2026-05-11	5f36bba8-5a0e-4520-8430-e2644dcc1dad	RAT-392	in_progress	noop
2026-05-11	70971db1-06a4-4ce4-853e-e4f9f080da1b	RAT-393	in_progress	noop
2026-05-11	c13bca60-518c-4214-aece-447473003706	RAT-394	blocked	to_todo
2026-05-11	2314a380-df4f-4dae-9602-e25d88521c4c	RAT-395	in_progress	noop
2026-05-11	7fdd8680-dfe7-43e2-a3ab-70e09e9daf4b	RAT-396	in_progress	noop
2026-05-11	72b8af7a-8de1-4357-bcb0-4daaa622cd7a	RAT-397	in_progress	noop
2026-05-11	73bd8114-15f0-4d97-ac06-8fe60c873ce0	RAT-398	in_progress	noop
2026-05-11	e0d82e98-e61d-4db6-a6a9-8b7605223b6b	RAT-399	in_progress	noop
2026-05-11	5e0290b7-d90f-425d-a803-6c1b204035fc	RAT-400	blocked	to_todo
2026-05-11	b4e50f21-d154-4cc8-a2bc-1c529a332e8f	RAT-401	in_progress	noop
2026-05-11	3177329b-442b-4015-9cde-6d9c669d013c	RAT-402	in_progress	noop
2026-05-11	b92e7847-2fc7-495b-99a7-5da9527e0080	RAT-403	blocked	to_todo
2026-05-11	55f042b4-d598-49c4-8f45-1b1fc1b1b7af	RAT-404	in_progress	noop
2026-05-11	8de558c1-714c-42c3-af87-629e5f80f0cb	RAT-405	in_progress	noop
2026-05-11	c9f55310-dae3-4407-85d4-2d2e59901bb5	RAT-406	in_progress	noop
2026-05-11	f3b8d023-2c1f-4758-942b-ee16ce651934	RAT-407	todo	noop
2026-05-11	9c975be2-d78a-420c-8417-c5b8e9457544	RAT-408	blocked	to_todo
2026-05-11	1bcbd1b4-7a66-4602-bb1c-b4348ae75f8b	RAT-409	blocked	to_todo
2026-05-11	c871b3ce-8b2e-4a38-85c2-46fcc24ead11	RAT-410	in_progress	noop
2026-05-11	46b19147-9676-40b1-8e42-ed1aad61efff	RAT-411	in_progress	noop
2026-05-11	cdc45db8-6dd3-4c9b-94b3-a9ceca91dd54	RAT-412	blocked	to_todo
2026-05-11	bbfd3e50-4fc7-4edf-bd37-65a8751c07e7	RAT-413	in_progress	noop
2026-05-11	42eeaf04-31dc-4018-be48-e48362457892	RAT-414	blocked	to_todo
2026-05-11	622f19ab-99ba-408f-818e-14776c9318c5	RAT-415	in_progress	noop
2026-05-11	f8f785f0-5c22-4514-9229-39b53441b541	RAT-416	in_progress	noop
2026-05-11	f962db8c-67bb-4f08-bc1b-3eca79b35f76	RAT-417	todo	noop
2026-05-11	ff5d8217-f8d5-4363-9596-5f04f0c28e8e	RAT-418	in_progress	noop
